dataset,image_id,node_id,yx,r0,r1,r2,theta12_deg,m_node,R_m,c0,c1,c2,tariff_residual,qc_pass,qc_pass_strict,e0x,e0y,e1x,e1y,e2x,e2y,svd_ratio_e0,svd_ratio_e1,svd_ratio_e2,seg_variant,seg_thresh_type,seg_thresh_value,m_source_chosen,parent_ambiguous,px_size_um,note,m_angleonly,R_m_holdout,cfg_min_angle_deg,cfg_max_angle_deg,cfg_min_branch_len_px,cfg_tangent_len_px,cfg_svd_ratio_min,cfg_dedup_radius_px,cfg_strict_qc,cfg_m_min,cfg_m_max,cfg_symmetric_ratio_tol,cfg_angle_auto,cfg_angle_auto_pctl,cfg_min_angle_floor_deg,cfg_px_size_um,args_profile,args_seg_method,args_thresh_method,args_radius_jitter_frac
DRIVE__sato+otsu,02_test,0,"(257, 455)",1.1380711793899536,3.087468465169271,1.1380711793899536,123.17882270751181,0.2,0.7661371827125549,0.0,0.035031240433454514,0.964968740940094,0.9669337892821008,True,False,0.5733057856559753,0.8193414807319641,0.4070138931274414,-0.9134219884872437,0.5417638421058655,0.8405308127403259,6.96000337600708,5.045877933502197,5.5448455810546875,sato+otsu,otsu,0.330078125,solver,False,,"m_sources_evaluated=['solver','symmetric','grid']",0.2,0.7661371827125549,10.0,170.0,10,16,3.0,3,True,0.2,4.0,1.08,False,5.0,10.0,,none,sato,otsu,0.0
DRIVE__sato+otsu,02_test,1,"(299, 485)",2.6635682582855225,2.9428090254465737,2.0786893367767334,146.2227398376729,3.05,0.2824496626853943,0.1995580494403839,0.25976547598838806,0.540676474571228,1.6014285516067286e-15,True,True,0.6538689732551575,0.7566078305244446,0.07270443439483643,-0.9973535537719727,-0.6149267554283142,0.7885842323303223,3.6986536979675293,14.075684547424316,6.336348056793213,sato+otsu,otsu,0.330078125,grid,True,,"m_sources_evaluated=['solver','symmetric','grid']",3.0508214574307195,0.2825247347354889,10.0,170.0,10,16,3.0,3,True,0.2,4.0,1.08,False,5.0,10.0,,none,sato,otsu,0.0
DRIVE__sato+otsu,02_test,2,"(371, 397)",3.605551242828369,2.7748517990112305,2.630974054336548,146.1237745891155,0.2,0.6143378615379333,0.6588402986526489,0.0,0.3411597013473511,0.4759108502489229,True,False,-0.6728706359863281,0.739760160446167,-0.4472135901451111,0.8944271802902222,0.8698506355285645,-0.49331527948379517,27.307395935058594,3.0,13.8673734664917,sato+otsu,otsu,0.330078125,grid,True,,"m_sources_evaluated=['solver','symmetric','grid']",0.2,0.6143378615379333,10.0,170.0,10,16,3.0,3,True,0.2,4.0,1.08,False,5.0,10.0,,none,sato,otsu,0.0
DRIVE__sato+otsu,04_test,0,"(258, 356)",1.3333333333333333,2.157378673553467,1.3333333333333333,168.53287640173573,1.403333333333333,0.13412730395793915,0.0,6.317740291488416e-16,1.0,1.4973753162459194,True,False,-0.294085830450058,0.955778956413269,0.47822970151901245,-0.8782348036766052,-0.294085830450058,0.955778956413269,3.0,12.078756332397461,3.0,sato+otsu,otsu,0.283203125,grid,False,,"m_sources_evaluated=['solver','symmetric','grid']",1.398519563674927,0.13432449102401733,10.0,170.0,10,16,3.0,3,True,0.2,4.0,1.08,False,5.0,10.0,,none,sato,otsu,0.0
DRIVE__sato+otsu,04_test,1,"(261, 336)",3.8685170809427896,2.3548316955566406,1.1380711793899536,34.64799172663572,0.8016666666666665,0.5905815362930298,0.3097343146800995,0.6902657151222229,0.0,0.6472039608452188,True,False,0.5038710236549377,0.8637789487838745,-0.11456014961004257,-0.9934163093566895,0.47054585814476013,-0.8823755383491516,3.0,8.331710815429688,5.189844608306885,sato+otsu,otsu,0.283203125,grid,True,,"m_sources_evaluated=['solver','symmetric','grid']",0.8058059036731721,0.5911206007003784,10.0,170.0,10,16,3.0,3,True,0.2,4.0,1.08,False,5.0,10.0,,none,sato,otsu,0.0
DRIVE__sato+otsu,04_test,2,"(267, 336)",2.9428090254465737,5.194401264190674,3.0,159.5874200439138,1.1183333333333332,0.41652911901474,0.1939668208360672,0.264457643032074,0.54157555103302,2.4406557123479165e-16,True,True,-0.2102339118719101,-0.9776511192321777,-0.9937450289726257,0.11167304217815399,0.9702922701835632,0.24193574488162994,7.282558917999268,6.865551948547363,4.183720588684082,sato+otsu,otsu,0.283203125,grid,True,,"m_sources_evaluated=['solver','symmetric','grid']",1.122171932458878,0.4171067178249359,10.0,170.0,10,16,3.0,3,True,0.2,4.0,1.08,False,5.0,10.0,,none,sato,otsu,0.0
DRIVE__sato+otsu,04_test,3,"(290, 332)",4.0,7.538591066996257,1.1380711793899536,127.17946178860852,0.34908347129821776,0.21278545260429382,0.28249987959861755,0.27182871103286743,0.445671409368515,1.6450378522328816e-16,True,True,0.11646925657987595,0.9931943416595459,-0.8732081055641174,-0.4873475432395935,0.9159839749336243,-0.4012148976325989,6.81156063079834,7.727768898010254,6.074918270111084,sato+otsu,otsu,0.283203125,solver,True,,"m_sources_evaluated=['solver','symmetric','grid']",0.34908347129821776,0.21278545260429382,10.0,170.0,10,16,3.0,3,True,0.2,4.0,1.08,False,5.0,10.0,,none,sato,otsu,0.0
DRIVE__sato+otsu,04_test,4,"(292, 355)",4.16295051574707,4.242885589599609,4.16295051574707,161.1800228249091,0.2,0.5515050888061523,0.0,0.05995819345116615,0.9400417804718018,1.1748482200250985,True,False,-0.27360236644744873,0.9618428945541382,0.5871959924697876,-0.809444785118103,-0.29467904567718506,0.9555963277816772,9.270853996276855,15.10374927520752,7.879574775695801,sato+otsu,otsu,0.283203125,grid,False,,"m_sources_evaluated=['solver','symmetric','grid']",0.2,0.5515050888061523,10.0,170.0,10,16,3.0,3,True,0.2,4.0,1.08,False,5.0,10.0,,none,sato,otsu,0.0
DRIVE__sato+otsu,04_test,5,"(532, 389)",4.648090680440267,2.0786893367767334,3.201850414276123,13.914224359793844,1.2133333333333332,0.33902832865715027,0.17716579139232635,0.8228341937065125,0.0,0.9038735595667529,True,False,-0.9389588832855225,0.3440294563770294,0.8563954830169678,-0.5163204073905945,0.7071068286895752,-0.7071068286895752,15.683043479919434,14.325789451599121,3.0,sato+otsu,otsu,0.283203125,grid,True,,"m_sources_evaluated=['solver','symmetric','grid']",1.22438505589962,0.34024566411972046,10.0,170.0,10,16,3.0,3,True,0.2,4.0,1.08,False,5.0,10.0,,none,sato,otsu,0.0
DRIVE__sato+otsu,04_test,6,"(551, 235)",5.914888699849446,1.0,3.3215749263763428,57.938128164676094,0.5166666666666666,0.34339481592178345,0.2928893566131592,0.5790493488311768,0.12806127965450287,1.6995769051082912e-16,True,True,-0.9598866701126099,-0.28038832545280457,0.9999843835830688,0.005588732194155455,0.526090145111084,0.8504288196563721,18.469022750854492,7.698016166687012,4.228102207183838,sato+otsu,otsu,0.283203125,grid,True,,"m_sources_evaluated=['solver','symmetric','grid']",0.529591906070709,0.34884849190711975,10.0,170.0,10,16,3.0,3,True,0.2,4.0,1.08,False,5.0,10.0,,none,sato,otsu,0.0
DRIVE__sato+otsu,05_test,0,"(156, 167)",1.4714045127232869,1.0,1.1380711793899536,155.3740920178705,0.2,0.6699230670928955,0.0,0.30077019333839417,0.6992298364639282,0.4614824273486308,True,False,-0.6000000238418579,0.800000011920929,0.975357711315155,-0.22062933444976807,-0.7947123050689697,0.6069862842559814,3.0,11.008975982666016,14.390199661254883,sato+otsu,otsu,0.365234375,grid,True,,"m_sources_evaluated=['solver','symmetric','grid']",0.2,0.6699230670928955,10.0,170.0,10,16,3.0,3,True,0.2,4.0,1.08,False,5.0,10.0,,none,sato,otsu,0.0
DRIVE__sato+otsu,05_test,1,"(180, 122)",2.630974054336548,1.1380711793899536,1.1380711793899536,55.436747491716446,0.6749999999999999,0.7150442004203796,0.32574787735939026,0.0,0.6742520928382874,0.26070465115548835,True,False,-0.6569245457649231,0.7539563179016113,0.8944271802902222,0.4472135901451111,0.8757031559944153,-0.4828498959541321,21.145954132080078,3.0,4.978514194488525,sato+otsu,otsu,0.365234375,grid,True,,"m_sources_evaluated=['solver','symmetric','grid']",0.6816739797592163,0.7170293927192688,10.0,170.0,10,16,3.0,3,True,0.2,4.0,1.08,False,5.0,10.0,,none,sato,otsu,0.0
DRIVE__sato+otsu,07_test,0,"(84, 453)",7.8102498054504395,7.117746035257976,4.663571993509929,109.20811046587552,0.5483333333333333,0.2354397028684616,0.3781653642654419,0.42078685760498047,0.20104779303073883,3.256531683163428e-16,True,True,-0.8559808135032654,-0.51700758934021,0.9879665970802307,0.1546674370765686,-0.471098393201828,0.8820806741714478,18.06290626525879,15.4837007522583,7.758665561676025,sato+otsu,otsu,0.271484375,grid,True,,"m_sources_evaluated=['solver','symmetric','grid']",0.5482106924057006,0.23545517027378082,10.0,170.0,10,16,3.0,3,True,0.2,4.0,1.08,False,5.0,10.0,,none,sato,otsu,0.0
DRIVE__sato+otsu,07_test,1,"(218, 472)",3.457793394724528,2.630974054336548,1.0,140.6004138986122,0.2,0.6670515537261963,0.8445385694503784,0.15546144545078278,0.0,0.9299620510769157,True,False,0.3980505168437958,0.9173635244369507,-0.8339303135871887,-0.5518697500228882,0.2941242754459381,0.9557672142982483,13.048890113830566,17.960065841674805,5.517159938812256,sato+otsu,otsu,0.271484375,grid,False,,"m_sources_evaluated=['solver','symmetric','grid']",0.2,0.6670515537261963,10.0,170.0,10,16,3.0,3,True,0.2,4.0,1.08,False,5.0,10.0,,none,sato,otsu,0.0
DRIVE__sato+otsu,07_test,2,"(249, 481)",5.0,4.0,2.2360680103302,120.25696683242163,0.2,0.6678146719932556,0.586501955986023,0.41349801421165466,0.0,0.3828880945598173,True,False,0.5216509699821472,0.8531590104103088,-0.12740439176559448,-0.9918508529663086,0.9209316372871399,0.3897241950035095,10.317717552185059,16.000455856323242,3.9255239963531494,sato+otsu,otsu,0.271484375,solver,True,,"m_sources_evaluated=['solver','symmetric','grid']",0.2,0.6678146719932556,10.0,170.0,10,16,3.0,3,True,0.2,4.0,1.08,False,5.0,10.0,,none,sato,otsu,0.0
DRIVE__sato+otsu,07_test,3,"(264, 491)",5.033006509145101,2.2360680103302,5.033006509145101,112.18923548126254,0.35833333333333334,0.38171887397766113,0.4638345241546631,0.05774944648146629,0.4784160256385803,1.6846870995665526e-16,True,True,-0.49905797839164734,-0.8665686249732971,0.6796738505363464,-0.7335144877433777,0.4225012958049774,0.9063623547554016,10.706913948059082,23.51680564880371,15.323824882507324,sato+otsu,otsu,0.271484375,grid,False,,"m_sources_evaluated=['solver','symmetric','grid']",0.34585995674133296,0.384393572807312,10.0,170.0,10,16,3.0,3,True,0.2,4.0,1.08,False,5.0,10.0,,none,sato,otsu,0.0
DRIVE__sato+otsu,07_test,4,"(278, 498)",4.395637512207031,2.2360680103302,6.0,146.7375668334344,1.0233333333333332,0.20292042195796967,0.22228845953941345,0.49853286147117615,0.2791786789894104,2.3575963368583704e-16,True,True,-0.41709500551223755,-0.9088628888130188,0.7269619107246399,-0.6866778135299683,-0.2312362641096115,0.9728976488113403,13.89197826385498,30.34966468811035,11.305864334106445,sato+otsu,otsu,0.271484375,grid,True,,"m_sources_evaluated=['solver','symmetric','grid']",1.0314113229513169,0.20492355525493622,10.0,170.0,10,16,3.0,3,True,0.2,4.0,1.08,False,5.0,10.0,,none,sato,otsu,0.0
DRIVE__sato+otsu,07_test,5,"(284, 498)",6.1633602778116865,5.0,6.1633602778116865,142.11562964152787,0.2,0.6976892948150635,0.9667447209358215,0.033255282789468765,0.0,1.354335163140023,True,False,-0.28600043058395386,0.9582294821739197,-0.3437406122684479,-0.9390646815299988,-0.305353581905365,0.9522390365600586,15.187243461608887,9.840106010437012,15.094698905944824,sato+otsu,otsu,0.271484375,grid,False,,"m_sources_evaluated=['solver','symmetric','grid']",0.2,0.6976892948150635,10.0,170.0,10,16,3.0,3,True,0.2,4.0,1.08,False,5.0,10.0,,none,sato,otsu,0.0
DRIVE__sato+otsu,07_test,6,"(313, 489)",7.0,2.8284270763397217,2.0,41.83875039018647,0.58,0.3333019018173218,0.3250983655452728,0.03633931279182434,0.6385623216629028,7.98071481780974e-17,True,True,0.17277488112449646,-0.9849613308906555,-0.757695734500885,0.6526079773902893,-0.1291889250278473,0.9916200041770935,9.79638957977295,8.406389236450195,12.347583770751953,sato+otsu,otsu,0.271484375,grid,False,,"m_sources_evaluated=['solver','symmetric','grid']",0.5843761384487154,0.3343145251274109,10.0,170.0,10,16,3.0,3,True,0.2,4.0,1.08,False,5.0,10.0,,none,sato,otsu,0.0
DRIVE__sato+otsu,07_test,7,"(333, 453)",6.0,2.0,1.8047378460566204,27.36757884655127,0.5781149506568908,0.31081444025039673,0.31190013885498047,0.6880998611450195,0.0,0.1711795114894507,True,False,0.9604887366294861,-0.278318852186203,-0.9317077398300171,0.36320891976356506,-0.6604607701301575,0.7508606314659119,7.263284683227539,12.094808578491211,8.25220775604248,sato+otsu,otsu,0.271484375,solver,True,,"m_sources_evaluated=['solver','symmetric','grid']",0.5781149506568908,0.31081444025039673,10.0,170.0,10,16,3.0,3,True,0.2,4.0,1.08,False,5.0,10.0,,none,sato,otsu,0.0
DRIVE__sato+otsu,07_test,8,"(355, 481)",5.656854152679443,3.255942980448405,1.4142135381698608,42.445793404422744,0.6749999999999999,0.17916463315486908,0.3059535622596741,0.1845979392528534,0.5094484686851501,1.5794413215029957e-16,True,True,-0.6332194209098816,0.7739723920822144,0.22716209292411804,-0.9738569855690002,0.8248752951622009,-0.5653148293495178,12.070269584655762,16.463123321533203,6.187086582183838,sato+otsu,otsu,0.271484375,grid,True,,"m_sources_evaluated=['solver','symmetric','grid']",0.6909279942512512,0.1821717619895935,10.0,170.0,10,16,3.0,3,True,0.2,4.0,1.08,False,5.0,10.0,,none,sato,otsu,0.0
DRIVE__sato+otsu,07_test,9,"(363, 477)",5.656854152679443,4.531747182210286,1.4142135381698608,165.27165684509154,0.2,0.4327225685119629,0.21978016197681427,0.46343153715133667,0.31678828597068787,5.2271377599590985e-17,True,True,-0.6221617460250854,0.7828887701034546,0.38026365637779236,-0.9248781800270081,-0.1326311230659485,0.9911654591560364,14.859432220458984,10.944453239440918,3.6368980407714844,sato+otsu,otsu,0.271484375,grid,True,,"m_sources_evaluated=['solver','symmetric','grid']",0.2,0.4327225685119629,10.0,170.0,10,16,3.0,3,True,0.2,4.0,1.08,False,5.0,10.0,,none,sato,otsu,0.0
DRIVE__sato+otsu,07_test,10,"(366, 545)",7.503885428110759,1.8834271828333538,8.041505177815756,116.84287962994574,1.1026203721761705,0.18215876817703247,0.5245445966720581,0.0,0.4754553735256195,0.2237352311936593,True,False,0.18845847249031067,-0.9820811748504639,-0.7652661800384521,-0.6437139511108398,-0.22880014777183533,0.9734734296798706,16.615751266479492,14.076604843139648,14.307405471801758,sato+otsu,otsu,0.271484375,solver,True,,"m_sources_evaluated=['solver','symmetric','grid']",1.1026203721761705,0.18215876817703247,10.0,170.0,10,16,3.0,3,True,0.2,4.0,1.08,False,5.0,10.0,,none,sato,otsu,0.0
DRIVE__sato+otsu,07_test,11,"(388, 460)",6.324555397033691,5.656854152679443,1.4142135381698608,152.93598005031419,0.2,0.4166562557220459,0.39572688937187195,0.4838137626647949,0.12045934796333313,1.3494037658347232e-16,True,True,-0.4259341359138489,0.9047541618347168,0.5165532827377319,-0.856255054473877,-0.8495739102363586,0.5274695754051208,11.175310134887695,13.16024398803711,4.357886791229248,sato+otsu,otsu,0.271484375,grid,True,,"m_sources_evaluated=['solver','symmetric','grid']",0.2,0.4166562557220459,10.0,170.0,10,16,3.0,3,True,0.2,4.0,1.08,False,5.0,10.0,,none,sato,otsu,0.0
DRIVE__sato+otsu,07_test,12,"(410, 450)",6.324555397033691,6.2439578374226885,1.4142135381698608,73.04831390280457,1.783333333333333,0.030366141349077225,0.3948999345302582,0.39955535531044006,0.20554471015930176,3.2371590229453515e-15,True,True,0.3580342233181,-0.9337084889411926,-0.38997721672058105,0.9208245277404785,0.7671117782592773,0.641513466835022,13.072362899780273,18.555522918701172,16.21782684326172,sato+otsu,otsu,0.271484375,grid,False,,"m_sources_evaluated=['solver','symmetric','grid']",1.7782031804323197,0.030823996290564537,10.0,170.0,10,16,3.0,3,True,0.2,4.0,1.08,False,5.0,10.0,,none,sato,otsu,0.0
DRIVE__sato+otsu,07_test,13,"(457, 504)",7.978255112965901,1.6094756921132405,8.485280990600586,104.70107209486822,0.5235972488574219,0.31759485602378845,0.5109611749649048,0.0,0.4890388250350952,0.06386843438798134,True,True,0.5496160984039307,-0.8354173302650452,-0.6377248167991638,-0.7702642679214478,-0.5832088589668274,0.8123222589492798,21.636917114257812,21.808305740356445,18.292179107666016,sato+otsu,otsu,0.271484375,solver,True,,"m_sources_evaluated=['solver','symmetric','grid']",0.5235972488574219,0.31759485602378845,10.0,170.0,10,16,3.0,3,True,0.2,4.0,1.08,False,5.0,10.0,,none,sato,otsu,0.0
DRIVE__sato+otsu,08_test,0,"(268, 531)",12.883036931355795,1.2761423587799072,9.778563499450684,73.04746775944487,0.5166666666666666,0.1788688749074936,0.4148082733154297,0.12089268863201141,0.4642990231513977,1.3822967335933065e-16,True,True,0.06237828731536865,0.9980525970458984,-0.9498680233955383,-0.31265121698379517,0.022103602066636086,-0.9997556805610657,3.0,3.2281806468963623,20.99549102783203,sato+otsu,otsu,0.244140625,grid,False,,"m_sources_evaluated=['solver','symmetric','grid']",0.5142000317573547,0.1797219216823578,10.0,170.0,10,16,3.0,3,True,0.2,4.0,1.08,False,5.0,10.0,,none,sato,otsu,0.0
DRIVE__sato+otsu,08_test,1,"(269, 483)",6.727465311686198,4.041035175323486,4.0,21.232932376635823,1.3083333333333331,0.7964627146720886,0.178924098610878,0.8210759162902832,0.0,3.6267822852772094,True,False,-0.5297170281410217,-0.8481744527816772,-0.09292877465486526,0.9956727623939514,-0.4472135901451111,0.8944271802902222,4.273873805999756,11.718025207519531,3.0,sato+otsu,otsu,0.244140625,grid,True,,"m_sources_evaluated=['solver','symmetric','grid']",1.3129440233111382,0.7974011301994324,10.0,170.0,10,16,3.0,3,True,0.2,4.0,1.08,False,5.0,10.0,,none,sato,otsu,0.0
DRIVE__sato+otsu,08_test,2,"(311, 511)",3.605551242828369,2.2761423587799072,5.0,147.3910519293047,1.1183333333333332,0.24404948949813843,0.21869520843029022,0.5036290287971497,0.2776757776737213,7.830074358656451e-16,True,True,0.5888833403587341,-0.8082180619239807,-0.7000150084495544,-0.7141281366348267,0.2048250287771225,0.9787986278533936,18.088199615478516,6.800863742828369,6.802201747894287,sato+otsu,otsu,0.244140625,grid,True,,"m_sources_evaluated=['solver','symmetric','grid']",1.1318476855754853,0.247078076004982,10.0,170.0,10,16,3.0,3,True,0.2,4.0,1.08,False,5.0,10.0,,none,sato,otsu,0.0
DRIVE__sato+otsu,08_test,3,"(319, 480)",5.0,5.0,2.4907120068868003,159.54747832925034,0.2,0.41772404313087463,0.1508990377187729,0.36379557847976685,0.4853053689002991,1.644758363763461e-16,True,True,-0.029525259509682655,-0.9995640516281128,-0.9833877086639404,-0.18151776492595673,0.8579689264297485,0.5137015581130981,15.295141220092773,15.84044361114502,13.00094223022461,sato+otsu,otsu,0.244140625,grid,True,,"m_sources_evaluated=['solver','symmetric','grid']",0.2,0.41772404313087463,10.0,170.0,10,16,3.0,3,True,0.2,4.0,1.08,False,5.0,10.0,,none,sato,otsu,0.0
DRIVE__sato+otsu,10_test,0,"(273, 498)",3.310035546620687,1.0,2.157378673553467,62.94076752756472,0.7066666666666666,0.1939900517463684,0.311009019613266,0.46893981099128723,0.22005115449428558,3.910300060313413e-17,True,True,0.818457841873169,-0.5745667219161987,-0.9918519258499146,0.12739594280719757,-0.33775395154953003,0.9412344694137573,5.1857380867004395,10.563936233520508,9.55566120147705,sato+otsu,otsu,0.291015625,grid,True,,"m_sources_evaluated=['solver','symmetric','grid']",0.7204972624778747,0.1973516047000885,10.0,170.0,10,16,3.0,3,True,0.2,4.0,1.08,False,5.0,10.0,,none,sato,otsu,0.0
DRIVE__sato+otsu,10_test,1,"(426, 354)",2.433521032333374,3.5892763137817383,1.8047378460566204,162.03234702371003,1.2579064249992373,0.22482986748218536,1.0,7.513720637462743e-16,0.0,3.060889476025126,True,False,0.7071068286895752,-0.7071068286895752,-0.8907501101493835,0.4544934332370758,0.7071067690849304,-0.7071067690849304,26048722894848.0,14.92422866821289,3.0,sato+otsu,otsu,0.291015625,solver,False,,"m_sources_evaluated=['solver','symmetric','grid']",1.2579064249992373,0.22482986748218536,10.0,170.0,10,16,3.0,3,True,0.2,4.0,1.08,False,5.0,10.0,,none,sato,otsu,0.0
DRIVE__sato+otsu,11_test,0,"(84, 452)",7.480882962544759,7.0473785400390625,7.391997655232747,151.44255593071512,0.2,0.5985168814659119,0.8388317227363586,0.16116827726364136,0.0,1.040114767477325,True,False,-0.8511530756950378,-0.5249176621437073,0.9894943833351135,0.1445712298154831,-0.800000011920929,-0.6000000238418579,20.582122802734375,16.973535537719727,3.0,sato+otsu,otsu,0.255859375,grid,False,,"m_sources_evaluated=['solver','symmetric','grid']",0.2,0.5985168814659119,10.0,170.0,10,16,3.0,3,True,0.2,4.0,1.08,False,5.0,10.0,,none,sato,otsu,0.0
DRIVE__sato+otsu,11_test,1,"(138, 94)",3.310035546620687,1.2761423587799072,2.2360680103302,20.23594185346591,1.0758092224597933,0.2643681466579437,0.24451610445976257,0.7554839253425598,0.0,0.10292746588462463,True,True,-0.42635828256607056,0.9045543670654297,0.46235135197639465,-0.8866968154907227,0.7405099868774414,-0.6720453500747681,10.545516014099121,11.22228717803955,16.482860565185547,sato+otsu,otsu,0.255859375,solver,False,,"m_sources_evaluated=['solver','symmetric','grid']",1.0758092224597933,0.2643681466579437,10.0,170.0,10,16,3.0,3,True,0.2,4.0,1.08,False,5.0,10.0,,none,sato,otsu,0.0
DRIVE__sato+otsu,11_test,2,"(166, 86)",3.1622776985168457,3.1622776985168457,1.6094756921132405,41.95568657596629,0.2,0.44815993309020996,0.4923981726169586,0.46215611696243286,0.04544571787118912,8.348720870558723e-17,True,True,0.21303807199001312,-0.9770439267158508,-0.2653985023498535,0.9641388058662415,0.4472135901451111,0.8944271802902222,11.058526992797852,13.040523529052734,3.0,sato+otsu,otsu,0.255859375,grid,True,,"m_sources_evaluated=['solver','symmetric','grid']",0.2,0.44815993309020996,10.0,170.0,10,16,3.0,3,True,0.2,4.0,1.08,False,5.0,10.0,,none,sato,otsu,0.0
DRIVE__sato+otsu,11_test,3,"(173, 95)",1.8047378460566204,3.0,1.4142135381698608,72.20619486988134,0.2,0.4850429892539978,0.47486940026283264,0.04501067101955414,0.480119913816452,1.7033760174796791e-16,True,True,-0.5368281006813049,0.8436916470527649,-0.5592570900917053,-0.8289942741394043,0.6184325814247131,-0.7858379483222961,7.654748439788818,3.9448630809783936,18.65653419494629,sato+otsu,otsu,0.255859375,grid,False,,"m_sources_evaluated=['solver','symmetric','grid']",0.2,0.4850429892539978,10.0,170.0,10,16,3.0,3,True,0.2,4.0,1.08,False,5.0,10.0,,none,sato,otsu,0.0
DRIVE__sato+otsu,11_test,4,"(195, 22)",8.5440034866333,8.44473934173584,1.8856180508931477,115.58220720104089,0.2,0.42831990122795105,0.49991369247436523,0.5000863075256348,0.0,0.003522981024694095,True,True,-0.36884915828704834,0.929489254951477,0.3726929724216461,-0.9279547333717346,0.6760533452033997,0.736852765083313,19.229034423828125,16.919254302978516,7.5050506591796875,sato+otsu,otsu,0.255859375,solver,True,,"m_sources_evaluated=['solver','symmetric','grid']",0.2,0.42831990122795105,10.0,170.0,10,16,3.0,3,True,0.2,4.0,1.08,False,5.0,10.0,,none,sato,otsu,0.0
DRIVE__sato+otsu,11_test,5,"(230, 74)",5.0,4.604598681131999,2.0,141.47224895764077,0.2,0.21224133670330048,0.2376812845468521,0.3872092366218567,0.37510946393013,1.0601676322408625e-16,True,True,-0.2962149977684021,-0.9551212787628174,-0.6115121245384216,0.791235089302063,0.9712452292442322,-0.23808138072490692,16.10734748840332,8.89456558227539,16.019325256347656,sato+otsu,otsu,0.255859375,grid,True,,"m_sources_evaluated=['solver','symmetric','grid']",0.2,0.21224133670330048,10.0,170.0,10,16,3.0,3,True,0.2,4.0,1.08,False,5.0,10.0,,none,sato,otsu,0.0
DRIVE__sato+otsu,11_test,6,"(248, 53)",4.824045340220134,3.1622776985168457,3.0540925661722818,129.31829187812647,0.2,0.31073111295700073,0.323940634727478,0.4491446912288666,0.2269146740436554,1.8475917420684655e-16,True,True,0.821302592754364,0.5704929232597351,-0.43167489767074585,-0.902029275894165,-0.42432287335395813,0.9055109620094299,3.3422300815582275,9.674806594848633,12.651692390441895,sato+otsu,otsu,0.255859375,grid,True,,"m_sources_evaluated=['solver','symmetric','grid']",0.2,0.31073111295700073,10.0,170.0,10,16,3.0,3,True,0.2,4.0,1.08,False,5.0,10.0,,none,sato,otsu,0.0
DRIVE__sato+otsu,11_test,7,"(248, 61)",4.648090680440267,3.605551242828369,2.8284270763397217,95.56235406404508,0.816242802143097,0.3146473169326782,0.3843390643596649,0.46914854645729065,0.14651238918304443,2.389653472267887e-16,True,True,0.6548919677734375,-0.7557225227355957,-0.8247502446174622,0.5654971599578857,0.642776608467102,0.7660536766052246,9.527861595153809,3.0071403980255127,8.80166244506836,sato+otsu,otsu,0.255859375,solver,True,,"m_sources_evaluated=['solver','symmetric','grid']",0.816242802143097,0.3146473169326782,10.0,170.0,10,16,3.0,3,True,0.2,4.0,1.08,False,5.0,10.0,,none,sato,otsu,0.0
DRIVE__sato+otsu,11_test,8,"(260, 48)",4.964478333791097,1.3333333333333333,2.0,169.10823081109922,0.2,0.5473091006278992,0.07300715893507004,0.49462276697158813,0.43237006664276123,1.5609403970871306e-16,True,True,0.43717160820961,-0.8993781208992004,-0.9964489936828613,-0.08419866114854813,0.9625890851020813,0.27096542716026306,11.861611366271973,8.54503059387207,5.666677474975586,sato+otsu,otsu,0.255859375,grid,True,,"m_sources_evaluated=['solver','symmetric','grid']",0.2,0.5473091006278992,10.0,170.0,10,16,3.0,3,True,0.2,4.0,1.08,False,5.0,10.0,,none,sato,otsu,0.0
DRIVE__sato+otsu,11_test,9,"(262, 131)",1.4714045127232869,2.0786893367767334,1.1380711793899536,124.3220443973398,0.48418388366699217,0.11110911518335342,0.3214767277240753,0.29676181077957153,0.38176146149635315,2.1900686580072479e-16,True,True,0.0,1.0,-0.8660508990287781,-0.49995580315589905,0.9012216925621033,-0.43335840106010437,3.0,7.3160014152526855,11.608299255371094,sato+otsu,otsu,0.255859375,solver,True,,"m_sources_evaluated=['solver','symmetric','grid']",0.48418388366699217,0.11110911518335342,10.0,170.0,10,16,3.0,3,True,0.2,4.0,1.08,False,5.0,10.0,,none,sato,otsu,0.0
DRIVE__sato+otsu,11_test,10,"(266, 64)",3.2761423587799072,2.6666666666666665,1.4142135381698608,33.02658489295884,1.4579141557216646,0.10441488027572632,0.2933602035045624,0.2199413776397705,0.4866984188556671,2.5799245452797475e-16,True,True,-0.13216371834278107,-0.991227924823761,-0.13593682646751404,0.9907175302505493,0.4259971082210541,0.9047245383262634,3.0,3.8810462951660156,3.4422645568847656,sato+otsu,otsu,0.255859375,solver,True,,"m_sources_evaluated=['solver','symmetric','grid']",1.4579141557216646,0.10441488027572632,10.0,170.0,10,16,3.0,3,True,0.2,4.0,1.08,False,5.0,10.0,,none,sato,otsu,0.0
DRIVE__sato+otsu,11_test,11,"(291, 55)",4.282730579376221,1.8834271828333538,4.041035175323486,88.14399883148316,1.2955336868762974,0.4955538809299469,0.25066250562667847,0.6091928482055664,0.14014467597007751,7.648211858087694e-16,True,True,0.8052144646644592,-0.5929837226867676,-0.9959612488746643,0.08978435397148132,0.05748039111495018,0.9983466267585754,5.281062602996826,10.263205528259277,16.107547760009766,sato+otsu,otsu,0.255859375,solver,True,,"m_sources_evaluated=['solver','symmetric','grid']",1.2955336868762974,0.4955538809299469,10.0,170.0,10,16,3.0,3,True,0.2,4.0,1.08,False,5.0,10.0,,none,sato,otsu,0.0
DRIVE__sato+otsu,11_test,12,"(292, 47)",5.698294957478841,1.0,1.1380711793899536,23.05683933418524,0.39,0.16002298891544342,0.33601897954940796,0.5957945585250854,0.0681864395737648,4.236826933754685e-17,True,True,0.7951823472976685,-0.6063703894615173,-0.8201788067817688,0.5721073150634766,-0.5305977463722229,0.8476238250732422,4.6430864334106445,5.366774082183838,7.154614448547363,sato+otsu,otsu,0.255859375,grid,False,,"m_sources_evaluated=['solver','symmetric','grid']",0.4017416834831237,0.16060301661491394,10.0,170.0,10,16,3.0,3,True,0.2,4.0,1.08,False,5.0,10.0,,none,sato,otsu,0.0
DRIVE__sato+otsu,11_test,13,"(302, 119)",1.0,1.1380711793899536,1.6094756921132405,32.42352324968711,0.2,0.5276243686676025,0.5064424872398376,0.49306145310401917,0.0004960688529536128,1.6504744094583955e-16,True,True,0.9997427463531494,0.022681092843413353,-0.9997556805610657,-0.022103602066636086,-0.8320503234863281,-0.5547001957893372,3.814222812652588,20.99549102783203,3.0,sato+otsu,otsu,0.255859375,grid,False,,"m_sources_evaluated=['solver','symmetric','grid']",0.2,0.5276243686676025,10.0,170.0,10,16,3.0,3,True,0.2,4.0,1.08,False,5.0,10.0,,none,sato,otsu,0.0
DRIVE__sato+otsu,11_test,14,"(324, 96)",2.433521032333374,1.2761423587799072,3.198752005894979,85.77254630249138,0.2,0.4757929742336273,0.5131640434265137,0.0,0.48683595657348633,0.022214506181088396,True,True,0.7607042789459229,-0.6490986943244934,-0.6772637963294983,-0.7357403635978699,-0.7836637496948242,0.6211852431297302,17.264951705932617,24.041900634765625,7.535486698150635,sato+otsu,otsu,0.255859375,grid,True,,"m_sources_evaluated=['solver','symmetric','grid']",0.2,0.4757929742336273,10.0,170.0,10,16,3.0,3,True,0.2,4.0,1.08,False,5.0,10.0,,none,sato,otsu,0.0
DRIVE__sato+otsu,11_test,15,"(340, 58)",5.0,3.0,1.4142135381698608,47.92036920653522,0.7383333333333333,0.25955238938331604,0.4011646509170532,0.5761465430259705,0.022688820958137512,8.500328408281731e-16,True,True,-0.1451873630285263,-0.9894042015075684,0.12882010638713837,0.9916679859161377,0.8223604559898376,0.5689668655395508,11.396421432495117,16.406940460205078,5.369984149932861,sato+otsu,otsu,0.255859375,grid,True,,"m_sources_evaluated=['solver','symmetric','grid']",0.7298424422740936,0.2597807049751282,10.0,170.0,10,16,3.0,3,True,0.2,4.0,1.08,False,5.0,10.0,,none,sato,otsu,0.0
DRIVE__sato+otsu,14_test,0,"(526, 402)",7.978255112965901,6.478627840677897,5.802439371744792,110.90783978708896,0.48217711448669437,0.446191668510437,0.4348771572113037,0.4994860291481018,0.06563682109117508,6.491844940995705e-16,True,True,0.8568286299705505,-0.5156013369560242,-0.9128900766372681,0.4082055985927582,0.7071068286895752,0.7071068286895752,21.599700927734375,18.48615264892578,9.41882610321045,sato+otsu,otsu,0.333984375,solver,False,,"m_sources_evaluated=['solver','symmetric','grid']",0.48217711448669437,0.446191668510437,10.0,170.0,10,16,3.0,3,True,0.2,4.0,1.08,False,5.0,10.0,,none,sato,otsu,0.0
DRIVE__sato+otsu,15_test,0,"(109, 104)",7.8102498054504395,7.745424270629883,6.404458045959473,78.49187934605999,0.2,0.5293040871620178,0.49641895294189453,0.5035810470581055,0.0,0.0590220317835244,True,True,-0.7027412056922913,0.7114455699920654,0.7555904388427734,-0.6550443768501282,0.7926210761070251,0.6097145676612854,15.420430183410645,26.112226486206055,5.515439987182617,sato+otsu,otsu,0.177734375,grid,True,,"m_sources_evaluated=['solver','symmetric','grid']",0.2,0.5293040871620178,10.0,170.0,10,16,3.0,3,True,0.2,4.0,1.08,False,5.0,10.0,,none,sato,otsu,0.0
DRIVE__sato+otsu,15_test,1,"(115, 98)",7.8102498054504395,8.425165176391602,1.4142135381698608,85.29747563413049,0.2,0.5116097927093506,0.5039412379264832,0.49605876207351685,0.0,0.12996981098929708,True,True,0.7305500507354736,-0.6828592419624329,-0.6035078763961792,0.7973570227622986,0.7451959252357483,0.6668456196784973,23.55783462524414,14.57235050201416,20.17728614807129,sato+otsu,otsu,0.177734375,grid,True,,"m_sources_evaluated=['solver','symmetric','grid']",0.2,0.5116097927093506,10.0,170.0,10,16,3.0,3,True,0.2,4.0,1.08,False,5.0,10.0,,none,sato,otsu,0.0
DRIVE__sato+otsu,15_test,2,"(160, 201)",7.0,2.799448569615682,4.495093663533528,18.01738251436674,1.047394101321697,0.6454313397407532,0.1436501443386078,0.8563498258590698,0.0,1.6128588986704742,True,False,0.0014746495289728045,0.999998927116394,-0.4537199139595032,-0.8911443948745728,-0.7071068286895752,-0.7071068286895752,19.05132484436035,14.0131254196167,3.0,sato+otsu,otsu,0.177734375,solver,True,,"m_sources_evaluated=['solver','symmetric','grid']",1.047394101321697,0.6454313397407532,10.0,170.0,10,16,3.0,3,True,0.2,4.0,1.08,False,5.0,10.0,,none,sato,otsu,0.0
DRIVE__sato+otsu,15_test,3,"(188, 169)",6.504817485809326,3.605551242828369,1.4142135381698608,24.764517359806916,0.6824608325958252,0.16253389418125153,0.3916343152523041,0.6083656549453735,0.0,0.05979933079757259,True,True,0.7795542478561401,0.6263347268104553,-0.7905919551849365,-0.612343430519104,-0.9743911623954773,-0.22485950589179993,19.552776336669922,16.72915267944336,3.0,sato+otsu,otsu,0.177734375,solver,True,,"m_sources_evaluated=['solver','symmetric','grid']",0.6824608325958252,0.16253389418125153,10.0,170.0,10,16,3.0,3,True,0.2,4.0,1.08,False,5.0,10.0,,none,sato,otsu,0.0
DRIVE__sato+otsu,15_test,4,"(237, 221)",9.518411636352539,8.041505177815756,7.117059230804443,83.77806379023005,1.7790515203028914,0.3891008794307709,0.3987140655517578,0.5287225842475891,0.07256338745355606,7.808379522949442e-15,True,True,0.08155496418476105,0.9966688752174377,-0.18857984244823456,-0.9820578694343567,0.9558348059654236,-0.2939044237136841,12.722990036010742,7.24562931060791,14.49022102355957,sato+otsu,otsu,0.177734375,solver,False,,"m_sources_evaluated=['solver','symmetric','grid']",1.7790515203028914,0.3891008794307709,10.0,170.0,10,16,3.0,3,True,0.2,4.0,1.08,False,5.0,10.0,,none,sato,otsu,0.0
DRIVE__sato+otsu,15_test,5,"(242, 183)",12.082904815673828,8.974085489908854,7.023689270019531,92.01550458979595,0.8065322250127793,0.3193264603614807,0.38262230157852173,0.47650474309921265,0.14087294042110443,8.786143785954701e-17,True,True,-0.2817942500114441,0.9594748616218567,0.04579932242631912,-0.9989506602287292,0.9967219233512878,0.080904021859169,17.434410095214844,10.813741683959961,16.850345611572266,sato+otsu,otsu,0.177734375,solver,True,,"m_sources_evaluated=['solver','symmetric','grid']",0.8065322250127793,0.3193264603614807,10.0,170.0,10,16,3.0,3,True,0.2,4.0,1.08,False,5.0,10.0,,none,sato,otsu,0.0
DRIVE__sato+otsu,15_test,6,"(242, 202)",7.322316964467366,2.0,5.438378651936849,85.2552128712219,0.576112937927246,1.4661757946014404,0.9194449186325073,0.08055507391691208,0.0,2.902541360850985,False,False,0.9998148083686829,0.019244994968175888,0.06066947802901268,-0.9981579184532166,0.9997556805610657,-0.022103602066636086,12.12800407409668,13.358050346374512,20.99549102783203,sato+otsu,otsu,0.177734375,solver,False,,"m_sources_evaluated=['solver','symmetric','grid']",0.576112937927246,1.4661757946014404,10.0,170.0,10,16,3.0,3,True,0.2,4.0,1.08,False,5.0,10.0,,none,sato,otsu,0.0
DRIVE__sato+otsu,15_test,7,"(251, 224)",9.380119323730469,11.180339813232422,1.6094756921132405,84.26372414491654,0.2,0.5241935849189758,0.5088881254196167,0.4911118447780609,0.0,0.16256263231464313,True,False,0.24079735577106476,0.9705754518508911,-0.03862300515174866,-0.9992538690567017,0.9903897047042847,-0.13830475509166718,6.946865558624268,14.261957168579102,10.042152404785156,sato+otsu,otsu,0.177734375,grid,True,,"m_sources_evaluated=['solver','symmetric','grid']",0.2,0.5241935849189758,10.0,170.0,10,16,3.0,3,True,0.2,4.0,1.08,False,5.0,10.0,,none,sato,otsu,0.0
DRIVE__sato+otsu,15_test,8,"(259, 179)",9.362502098083496,11.8165496190389,8.062257766723633,146.6703244008052,1.8603649977594614,0.1904105842113495,0.24938629567623138,0.2922775447368622,0.45833614468574524,2.0461880101165733e-15,True,True,-0.9192608594894409,0.3936489224433899,0.2914670705795288,-0.9565808773040771,0.2820713520050049,0.9593934416770935,12.5311918258667,17.199106216430664,8.609617233276367,sato+otsu,otsu,0.177734375,solver,True,,"m_sources_evaluated=['solver','symmetric','grid']",1.8603649977594614,0.1904105842113495,10.0,170.0,10,16,3.0,3,True,0.2,4.0,1.08,False,5.0,10.0,,none,sato,otsu,0.0
DRIVE__sato+otsu,15_test,9,"(267, 229)",9.253920873006185,7.631961027781169,13.666666666666666,127.53789043870681,0.58,0.14129357039928436,0.37828460335731506,0.24695098400115967,0.37476441264152527,6.241922884325486e-16,True,True,-0.1976819634437561,-0.9802662134170532,0.9312838315963745,-0.3642944097518921,-0.2785506546497345,0.9604215621948242,7.371397018432617,7.823312759399414,5.434057235717773,sato+otsu,otsu,0.177734375,grid,True,,"m_sources_evaluated=['solver','symmetric','grid']",0.5716615796089173,0.14325475692749023,10.0,170.0,10,16,3.0,3,True,0.2,4.0,1.08,False,5.0,10.0,,none,sato,otsu,0.0
DRIVE__sato+otsu,15_test,10,"(268, 200)",4.054092566172282,3.108185132344564,2.630974054336548,41.54911323813831,1.8149999999999997,0.38090062141418457,0.31333088874816895,0.006726919673383236,0.6799421906471252,3.604281230351257e-16,True,True,-0.8064368367195129,0.5913203358650208,0.21991191804409027,-0.9755197763442993,0.8116043210029602,-0.5842075347900391,10.257697105407715,11.160396575927734,11.626373291015625,sato+otsu,otsu,0.177734375,grid,False,,"m_sources_evaluated=['solver','symmetric','grid']",1.8312741279602052,0.3823758661746979,10.0,170.0,10,16,3.0,3,True,0.2,4.0,1.08,False,5.0,10.0,,none,sato,otsu,0.0
DRIVE__sato+otsu,15_test,11,"(278, 158)",8.9442720413208,5.405491352081299,4.8087310791015625,162.14907807159636,0.2,0.7148327827453613,0.0,0.4955061972141266,0.504493772983551,0.21492434253460768,True,False,0.5361178517341614,-0.8441431522369385,-0.7392325401306152,-0.6734502911567688,0.9100843667984009,0.4144230782985687,7.589876174926758,9.539021492004395,4.014492511749268,sato+otsu,otsu,0.177734375,grid,True,,"m_sources_evaluated=['solver','symmetric','grid']",0.2,0.7148327827453613,10.0,170.0,10,16,3.0,3,True,0.2,4.0,1.08,False,5.0,10.0,,none,sato,otsu,0.0
DRIVE__sato+otsu,15_test,12,"(279, 187)",8.020752588907877,8.020752588907877,2.3874258995056152,66.81388989957115,0.2,0.44580408930778503,0.498757004737854,0.501242995262146,0.0,0.009709046449249794,True,True,0.23752883076667786,0.9713805317878723,-0.22605033218860626,-0.9741156101226807,0.8064368367195129,-0.5913203358650208,11.09860897064209,14.427099227905273,10.257697105407715,sato+otsu,otsu,0.177734375,grid,True,,"m_sources_evaluated=['solver','symmetric','grid']",0.2,0.44580408930778503,10.0,170.0,10,16,3.0,3,True,0.2,4.0,1.08,False,5.0,10.0,,none,sato,otsu,0.0
DRIVE__sato+otsu,15_test,13,"(283, 156)",10.469558397928873,1.1380711793899536,3.0410351753234863,143.00399822398222,0.2,1.0184401273727417,0.0,0.4191347658634186,0.5808652639389038,0.4614652369490982,False,False,-0.04128361865878105,0.9991474747657776,-0.9319874048233032,-0.3624906837940216,0.526225209236145,0.8503453135490417,17.050247192382812,5.829195022583008,4.807929992675781,sato+otsu,otsu,0.177734375,grid,True,,"m_sources_evaluated=['solver','symmetric','grid']",0.2,1.0184401273727417,10.0,170.0,10,16,3.0,3,True,0.2,4.0,1.08,False,5.0,10.0,,none,sato,otsu,0.0
DRIVE__sato+otsu,15_test,14,"(287, 221)",13.623841285705566,10.647951443990072,13.333333333333334,133.13800592545925,0.2,0.1638496071100235,0.2896145284175873,0.3137267529964447,0.396658718585968,4.576456492901132e-16,True,True,0.32096201181411743,0.9470920562744141,-0.974147379398346,0.22591349482536316,0.5012299418449402,-0.8653141260147095,13.322126388549805,9.889845848083496,7.271048545837402,sato+otsu,otsu,0.177734375,grid,True,,"m_sources_evaluated=['solver','symmetric','grid']",0.2,0.1638496071100235,10.0,170.0,10,16,3.0,3,True,0.2,4.0,1.08,False,5.0,10.0,,none,sato,otsu,0.0
DRIVE__sato+otsu,15_test,15,"(289, 189)",7.031672318776448,8.345475196838379,7.87192440032959,159.23252722271465,0.2,0.3063206970691681,0.1571052521467209,0.42675304412841797,0.41614168882369995,1.3842757944519494e-16,True,True,0.9967219233512878,-0.080904021859169,-0.3545762002468109,-0.9350271224975586,0.0,1.0,16.850345611572266,12.566265106201172,3.0,sato+otsu,otsu,0.177734375,grid,True,,"m_sources_evaluated=['solver','symmetric','grid']",0.2,0.3063206970691681,10.0,170.0,10,16,3.0,3,True,0.2,4.0,1.08,False,5.0,10.0,,none,sato,otsu,0.0
DRIVE__sato+otsu,15_test,16,"(300, 156)",12.894303639729818,10.0,9.362502098083496,140.27749426101653,0.2,0.1913347691297531,0.24299775063991547,0.37055811285972595,0.3864441514015198,1.837345017921862e-16,True,True,-0.9649600386619568,0.26239705085754395,0.04128361865878105,-0.9991474747657776,0.6067719459533691,0.794875979423523,5.222772598266602,17.050247192382812,14.336230278015137,sato+otsu,otsu,0.177734375,grid,True,,"m_sources_evaluated=['solver','symmetric','grid']",0.2,0.1913347691297531,10.0,170.0,10,16,3.0,3,True,0.2,4.0,1.08,False,5.0,10.0,,none,sato,otsu,0.0
DRIVE__sato+otsu,15_test,17,"(302, 186)",5.682356039683024,1.5500938495000203,7.0473785400390625,127.4536148246516,0.77,0.1653037667274475,0.4980091154575348,0.06758344918489456,0.43440744280815125,2.1958919920062003e-16,True,True,-0.11445920914411545,0.9934279918670654,-0.8778955340385437,0.47885212302207947,0.15373016893863678,-0.9881128668785095,15.12158489227295,3.0,6.259460926055908,sato+otsu,otsu,0.177734375,grid,True,,"m_sources_evaluated=['solver','symmetric','grid']",0.7694853067398073,0.16544604301452637,10.0,170.0,10,16,3.0,3,True,0.2,4.0,1.08,False,5.0,10.0,,none,sato,otsu,0.0
DRIVE__sato+otsu,15_test,18,"(308, 227)",8.608601888020834,14.253801981608072,2.0786893367767334,110.1805113131433,0.2,0.3943260908126831,0.5261495113372803,0.4738504886627197,0.0,0.008869427495754286,True,True,0.2956010699272156,0.9553114771842957,-0.28575822710990906,-0.9583017826080322,0.9980525970458984,0.06237828731536865,7.2225022315979,11.162577629089355,3.0,sato+otsu,otsu,0.177734375,solver,True,,"m_sources_evaluated=['solver','symmetric','grid']",0.2,0.3943260908126831,10.0,170.0,10,16,3.0,3,True,0.2,4.0,1.08,False,5.0,10.0,,none,sato,otsu,0.0
DRIVE__sato+otsu,15_test,19,"(314, 167)",11.583353360493978,1.1380711793899536,7.680598735809326,97.64302686460697,0.24624266624450686,0.5536710023880005,0.4906456470489502,0.0,0.5093543529510498,0.2179582632436296,True,False,-0.5875136256217957,-0.8092142939567566,0.53639817237854,-0.8439650535583496,0.7651259303092957,0.6438807845115662,19.363849639892578,7.2213826179504395,3.207517385482788,sato+otsu,otsu,0.177734375,solver,True,,"m_sources_evaluated=['solver','symmetric','grid']",0.24624266624450686,0.5536710023880005,10.0,170.0,10,16,3.0,3,True,0.2,4.0,1.08,False,5.0,10.0,,none,sato,otsu,0.0
DRIVE__sato+otsu,15_test,20,"(316, 227)",10.69841194152832,3.0540925661722818,6.996791362762451,58.8091985351378,0.7318679541349411,0.06268812716007233,0.3223855197429657,0.38446244597435,0.2931520342826843,1.8169527476175586e-16,True,True,-0.08927750587463379,-0.9960067868232727,-0.4944590926170349,0.8692009449005127,0.487480491399765,0.8731338977813721,16.073471069335938,5.658854007720947,17.35502815246582,sato+otsu,otsu,0.177734375,solver,True,,"m_sources_evaluated=['solver','symmetric','grid']",0.7318679541349411,0.06268812716007233,10.0,170.0,10,16,3.0,3,True,0.2,4.0,1.08,False,5.0,10.0,,none,sato,otsu,0.0
DRIVE__sato+otsu,15_test,21,"(325, 178)",8.363847414652506,7.680598735809326,5.971238136291504,71.02680066175527,0.2,0.42084118723869324,0.46003395318984985,0.08343329280614853,0.456532746553421,1.0467589492796973e-16,True,True,-0.26961445808410645,0.9629683494567871,-0.7154291272163391,-0.6986854076385498,0.4281218647956848,-0.903721034526825,12.158000946044922,4.359255313873291,5.89410400390625,sato+otsu,otsu,0.177734375,grid,True,,"m_sources_evaluated=['solver','symmetric','grid']",2.7040561111731227,0.5577241778373718,10.0,170.0,10,16,3.0,3,True,0.2,4.0,1.08,False,5.0,10.0,,none,sato,otsu,0.0
DRIVE__sato+otsu,15_test,22,"(351, 211)",4.35579252243042,3.0540925661722818,3.0,48.60524008048958,1.649876095354557,0.3650647699832916,0.34838226437568665,0.022970050573349,0.6286476850509644,1.8564076063022074e-16,True,True,-0.2663237750530243,-0.963883638381958,-0.5237153172492981,0.851893424987793,0.2927630543708801,0.9561850428581238,15.106032371520996,10.717122077941895,6.394836902618408,sato+otsu,otsu,0.177734375,solver,False,,"m_sources_evaluated=['solver','symmetric','grid']",1.649876095354557,0.3650647699832916,10.0,170.0,10,16,3.0,3,True,0.2,4.0,1.08,False,5.0,10.0,,none,sato,otsu,0.0
DRIVE__sato+otsu,15_test,23,"(360, 228)",4.824045340220134,3.5351837476094565,1.4142135381698608,159.74827640472975,0.2,0.42894384264945984,0.23695780336856842,0.4679083824157715,0.2951338291168213,4.555443094395593e-17,True,True,0.07068181037902832,0.9974989295005798,-0.40300431847572327,-0.9151980876922607,0.6948825716972351,0.7191232442855835,16.216392517089844,7.839079856872559,6.4309492111206055,sato+otsu,otsu,0.177734375,grid,True,,"m_sources_evaluated=['solver','symmetric','grid']",0.2,0.42894384264945984,10.0,170.0,10,16,3.0,3,True,0.2,4.0,1.08,False,5.0,10.0,,none,sato,otsu,0.0
DRIVE__sato+otsu,15_test,24,"(370, 257)",3.605551242828369,1.4142135381698608,2.0,23.25535976291985,0.8966666666666665,0.4266730844974518,0.27168890833854675,0.0,0.7283111214637756,0.5752861711173757,True,False,-0.7494057416915894,-0.6621111631393433,0.9987590312957764,0.04980434477329254,0.8979498147964478,0.44009795784950256,19.56075668334961,6.114950656890869,13.462296485900879,sato+otsu,otsu,0.177734375,grid,True,,"m_sources_evaluated=['solver','symmetric','grid']",0.8982002973556519,0.42686182260513306,10.0,170.0,10,16,3.0,3,True,0.2,4.0,1.08,False,5.0,10.0,,none,sato,otsu,0.0
DRIVE__sato+otsu,15_test,25,"(376, 189)",5.914888699849446,1.1380711793899536,4.543791929880778,164.31560172655756,0.2,0.4102425277233124,0.16313107311725616,0.39613309502601624,0.4407358169555664,5.1933103733529443e-17,True,True,-0.35335928201675415,0.935487687587738,-0.9029579162597656,0.4297291040420532,0.7531642913818359,-0.6578324437141418,10.132875442504883,7.309866428375244,8.060262680053711,sato+otsu,otsu,0.177734375,grid,True,,"m_sources_evaluated=['solver','symmetric','grid']",0.2,0.4102425277233124,10.0,170.0,10,16,3.0,3,True,0.2,4.0,1.08,False,5.0,10.0,,none,sato,otsu,0.0
DRIVE__sato+otsu,15_test,26,"(404, 250)",2.433521032333374,1.5500938495000203,1.6094756921132405,129.56332429088042,0.2,0.11915525048971176,0.2810184955596924,0.3578140437602997,0.36116746068000793,5.964650156886133e-17,True,True,-0.9299777150154114,0.36761587858200073,0.04579932242631912,-0.9989506602287292,0.7409412264823914,0.6715699434280396,5.895167827606201,10.813741683959961,12.442022323608398,sato+otsu,otsu,0.177734375,grid,True,,"m_sources_evaluated=['solver','symmetric','grid']",0.2,0.11915525048971176,10.0,170.0,10,16,3.0,3,True,0.2,4.0,1.08,False,5.0,10.0,,none,sato,otsu,0.0
DRIVE__sato+otsu,15_test,27,"(406, 244)",2.630974054336548,1.5500938495000203,1.4714045127232869,82.42382237515997,0.7365013599395753,0.5016515851020813,0.3989199101924896,0.5870516300201416,0.014028487727046013,1.7054227742302933e-16,True,True,-0.5547001957893372,0.8320503234863281,0.5734623670578003,-0.8192319273948669,-0.7364726662635803,-0.6764672994613647,3.0,3.0,4.276272773742676,sato+otsu,otsu,0.177734375,solver,False,,"m_sources_evaluated=['solver','symmetric','grid']",0.7365013599395753,0.5016515851020813,10.0,170.0,10,16,3.0,3,True,0.2,4.0,1.08,False,5.0,10.0,,none,sato,otsu,0.0
DRIVE__sato+otsu,15_test,28,"(409, 242)",2.630974054336548,1.6094756921132405,2.5522847175598145,142.45792140789314,0.2,0.3057871162891388,0.24988889694213867,0.4501217305660248,0.29998937249183655,8.025855667946106e-17,True,True,0.6865498423576355,-0.7270827889442444,-1.0,0.0,0.7929060459136963,0.6093438863754272,3.3212478160858154,3.0,5.531350135803223,sato+otsu,otsu,0.177734375,grid,True,,"m_sources_evaluated=['solver','symmetric','grid']",0.2,0.3057871162891388,10.0,170.0,10,16,3.0,3,True,0.2,4.0,1.08,False,5.0,10.0,,none,sato,otsu,0.0
DRIVE__sato+otsu,15_test,29,"(433, 102)",3.605551242828369,3.3171775341033936,2.1595695416132608,126.7097752197517,0.2,0.30524295568466187,0.35938242077827454,0.44354137778282166,0.197076216340065,1.4882175063779592e-16,True,True,-0.847998321056366,0.5299989581108093,0.5680927634239197,-0.822964608669281,0.32016488909721375,0.9473618268966675,3.0,6.259097099304199,4.111672878265381,sato+otsu,otsu,0.177734375,grid,True,,"m_sources_evaluated=['solver','symmetric','grid']",0.2,0.30524295568466187,10.0,170.0,10,16,3.0,3,True,0.2,4.0,1.08,False,5.0,10.0,,none,sato,otsu,0.0
DRIVE__sato+otsu,15_test,30,"(438, 296)",1.6094756921132405,2.157378673553467,1.1380711793899536,46.87802592078563,0.2,0.48677322268486023,0.4789976179599762,0.03866065666079521,0.4823417365550995,1.0182967078021345e-16,True,True,-0.5332700610160828,-0.8459451198577881,0.9682493805885315,0.2499864548444748,0.47938528656959534,0.8776045441627502,7.977687358856201,7.722635746002197,5.681893825531006,sato+otsu,otsu,0.177734375,grid,False,,"m_sources_evaluated=['solver','symmetric','grid']",0.2,0.48677322268486023,10.0,170.0,10,16,3.0,3,True,0.2,4.0,1.08,False,5.0,10.0,,none,sato,otsu,0.0
DRIVE__sato+otsu,19_test,0,"(271, 505)",4.648090680440267,1.2761423587799072,1.2761423587799072,65.0637643716705,0.39,1.6635364294052124,0.0,0.6485474705696106,0.3514525294303894,0.9437068105853283,False,False,0.6643638610839844,0.7474093437194824,0.8944271802902222,0.4472135901451111,-0.028424343094229698,0.9995959401130676,3.0,3.0,5.4352641105651855,sato+otsu,otsu,0.283203125,grid,True,,"m_sources_evaluated=['solver','symmetric','grid']",0.40419487953186034,1.6787972450256348,10.0,170.0,10,16,3.0,3,True,0.2,4.0,1.08,False,5.0,10.0,,none,sato,otsu,0.0
DRIVE__sato+otsu,19_test,1,"(272, 513)",4.0,4.082070350646973,1.2761423587799072,143.6574268334372,2.415695977956058,0.3456774353981018,0.07468747347593307,0.10463178902864456,0.8206807374954224,7.54450773225073e-16,True,True,0.09894821047782898,0.9950925707817078,0.3200409710407257,-0.9474037289619446,-0.8192319273948669,0.5734623670578003,13.69888687133789,5.537740707397461,3.0,sato+otsu,otsu,0.283203125,solver,True,,"m_sources_evaluated=['solver','symmetric','grid']",2.415695977956058,0.3456774353981018,10.0,170.0,10,16,3.0,3,True,0.2,4.0,1.08,False,5.0,10.0,,none,sato,otsu,0.0
DRIVE__sato+otsu,19_test,2,"(279, 503)",1.1380711793899536,1.0,1.1380711793899536,137.35131024543853,0.2,0.662911057472229,0.7139642238616943,0.28603580594062805,0.0,0.4961947574904618,True,False,0.24253563582897186,0.9701425433158875,0.2296319305896759,-0.9732775688171387,0.49049755930900574,0.8714425563812256,3.0,12.20650577545166,5.328100681304932,sato+otsu,otsu,0.283203125,grid,True,,"m_sources_evaluated=['solver','symmetric','grid']",0.2,0.662911057472229,10.0,170.0,10,16,3.0,3,True,0.2,4.0,1.08,False,5.0,10.0,,none,sato,otsu,0.0
